{"entities":{"pages":{"README":{"id":"README","title":"DIV-sound-doc","url":"readme.html","level":0,"tabIndex":0},"e2a2787b_33944":{"id":"e2a2787b_33944","title":"Learning Outcomes","level":0,"pages":["3_Agile_Method","4_CICD","6_Requirement_and_design","8_Professional","7_Business_processes","1_Web_Application","5_Cultural_differences_and_ethics","2_Software_Quality"],"tabIndex":1},"3_Agile_Method":{"id":"3_Agile_Method","title":"Agile Method","url":"3-agile-method.html","level":1,"parentId":"e2a2787b_33944","tabIndex":0},"4_CICD":{"id":"4_CICD","title":"CI/CD","url":"4-cicd.html","level":1,"parentId":"e2a2787b_33944","tabIndex":1},"6_Requirement_and_design":{"id":"6_Requirement_and_design","title":"Requirements and design","url":"6-requirement-and-design.html","level":1,"parentId":"e2a2787b_33944","tabIndex":2},"8_Professional":{"id":"8_Professional","title":"Professional","url":"8-professional.html","level":1,"parentId":"e2a2787b_33944","tabIndex":3},"7_Business_processes":{"id":"7_Business_processes","title":"Business processes","url":"7-business-processes.html","level":1,"parentId":"e2a2787b_33944","tabIndex":4},"1_Web_Application":{"id":"1_Web_Application","title":"Web Application","url":"1-web-application.html","level":1,"parentId":"e2a2787b_33944","tabIndex":5},"5_Cultural_differences_and_ethics":{"id":"5_Cultural_differences_and_ethics","title":"Cultural differences and ethics","url":"5-cultural-differences-and-ethics.html","level":1,"parentId":"e2a2787b_33944","tabIndex":6},"2_Software_Quality":{"id":"2_Software_Quality","title":"Software Quality","url":"2-software-quality.html","level":1,"parentId":"e2a2787b_33944","tabIndex":7}}},"topLevelIds":["README","e2a2787b_33944"]}